,umag,gmag,rmag,imag,Hamag,Jmag,Hmag,Kmag,outlier_columns,ID,h,w1_err,e_Jmag,w1,Halpha_type,e_Kmag,e_gmag,e_rmag,e_umag,e_Hamag,e_imag,Fe_type,objtype_SIMBAD,k,e_Hmag,DEJ2000,h_err,k_err,RAJ2000,objtype_Hou
94,23.028,21.13,19.33,18.29,18.89,16.676,15.83,15.471,umag,J053411.98+290903.2,15.83,0.047,0.112,15.449,II,0.146,0.033,0.04,0.3,0.04,0.03,,,15.471,0.12,29.150907,0.12,0.146,83.54995,CBe
132,24.635,17.203,16.66,16.17,16.48,15.515,15.3,15.175,umag,J052530.75+293821.3,15.3,0.042,0.061,15.104,II,0.118,0.005,0.01,1.578,0.01,0.01,,,15.175,0.105,29.639252,0.105,0.118,81.378157,CBe
629,24.651,14.845,14.63,13.68,14.19,12.102,11.286,11.082,umag,J055222.83+204152.3,11.286,0.062,0.026,10.898,VI,0.044,0.004,0.0,40.354,0.0,0.0,,,11.082,0.03,20.697878,0.03,0.044,88.095161,CBe
662,14.853,13.601,12.86,12.31,12.37,10.7,9.547,8.578,umag,J055054.77+201447.6,9.547,0.031,0.021,7.401,V,0.02,0.003,0.0,0.004,0.0,0.0,,,8.578,0.029,20.246568,0.029,0.02,87.72822,HAeBe
683,21.713,21.633,17.7,15.2,17.0,11.054,9.331,8.658,umag,J064108.31+102408.1,9.331,0.023,0.022,8.268,II,0.023,0.047,0.01,0.133,0.01,0.0,,,8.658,0.024,10.402258,0.024,0.023,100.28466,HII-region
